City_ID,City,Country,Max Temp,Current Description,Lat,Lng,Hotel Name
4,Ulladulla,AU,66.87,clear sky,-35.35,150.4667,Sandpiper Motel
5,Salalah,OM,79.83,broken clouds,17.0151,54.0924,HAMDAN PLAZA HOTEL SALALAH
8,Lata,PT,67.05,broken clouds,40.1629,-8.3327,Casa Maquia
13,Port-Gentil,GA,77.92,overcast clouds,-0.7193,8.7815,Fengshui Residence
14,Alofi,NU,78.19,light rain,-19.0595,-169.9187,Taloa Heights
16,Sambava,MG,67.3,broken clouds,-14.2667,50.1667,Melrose
21,Avarua,CK,75.06,scattered clouds,-21.2078,-159.775,Paradise Inn
22,Narathiwat,TH,74.32,overcast clouds,6.3333,101.75,MUSOR
24,Mahebourg,MU,72.25,few clouds,-20.4081,57.7,Shandrani Beachcomber Resort & Spa
25,Glendive,US,74.52,scattered clouds,47.1053,-104.7125,Baymont by Wyndham Glendive
27,Arraial Do Cabo,BR,69.28,overcast clouds,-22.9661,-42.0278,Pousada Porto Praia
29,Puerto Ayora,EC,70.56,overcast clouds,-0.7393,-90.3518,Finch Bay Galapagos Hotel
33,Rikitea,PF,71.94,broken clouds,-23.1203,-134.9692,People ThankYou
34,Kaduna,NG,72.1,broken clouds,10.5222,7.4383,HAMDALA HOTEL
35,Visconde Do Rio Branco,BR,68.65,scattered clouds,-21.0103,-42.8406,Rio Branco palace hotel
36,San Cristobal,VE,78.46,few clouds,7.7669,-72.225,Posada Villaven C.A.
39,Atuona,PF,77.97,few clouds,-9.8,-139.0333,Villa Enata
41,Angoche,MZ,74.46,few clouds,-16.2325,39.9086,Guest House HESADA
43,San Quintin,MX,73.29,clear sky,30.4833,-115.95,Don Eddie's Sport Fishing Center
45,Ribeira Grande,PT,70.34,overcast clouds,38.5167,-28.7,Quinta da Meia Eira
46,Karaton,ID,73.22,scattered clouds,-6.3424,106.1045,Parkir Mobil Wisata CAS Water Park
52,Inhambane,MZ,69.55,broken clouds,-23.865,35.3833,Oceano
57,Hervey Bay,AU,67.46,clear sky,-25.2986,152.8535,Shelly Bay Resort
60,Bambous Virieux,MU,72.21,few clouds,-20.3428,57.7575,Casa Tia Villa
63,Tukrah,LY,76.44,clear sky,32.5341,20.5791,Lagrota restaurant
65,Nisia Floresta,BR,76.37,broken clouds,-6.0911,-35.2086,Rancho Crepusculo
67,Tateyama,JP,77.67,heavy intensity rain,34.9833,139.8667,Tateyama Seaside Hotel
72,Georgetown,MY,79.9,overcast clouds,5.4112,100.3354,Cititel Penang
74,Saint-Philippe,RE,68.22,clear sky,-21.3585,55.7679,"Chambres d'hôte ""La Trinité"""
76,Bang Saphan,TH,74.39,scattered clouds,11.2126,99.5117,Ladawan Boutique Hotel
77,San Lorenzo,PY,79.14,overcast clouds,-25.3333,-57.5333,Hotel del Sur
80,Kushima,JP,75.24,scattered clouds,31.4583,131.2333,Hanaoka
81,Vaini,TO,76.26,clear sky,-21.2,-175.2,Keleti Beach Resort
83,Asau,RO,65.95,light rain,46.4333,26.4,Casa Mika Ciobanus
85,Grand Gaube,MU,72.37,light rain,-20.0064,57.6608,Veranda Paul et Virginie Hotel & Spa
92,Axim,GH,76.15,overcast clouds,4.8699,-2.2405,Axim Beach Resort And Spa
94,Normandin,CA,71.6,clear sky,48.8333,-72.5321,Chambres MB Normandin (Lac St -Jean)
98,Souillac,MU,72.36,scattered clouds,-20.5167,57.5167,Shanti Maurice Resort & Spa
104,Luanda,AO,70.88,few clouds,-8.8368,13.2343,LANDU MARINEZA LUFUANDU TONI
106,Tiarei,PF,77.38,scattered clouds,-17.5333,-149.3333,Le Rocher de Tahiti
108,Antalaha,MG,66.45,broken clouds,-14.9003,50.2788,Hotel Vitasoa
109,Bengkulu,ID,74.93,scattered clouds,-3.8004,102.2655,Grage Hotel Bengkulu
110,Grand-Lahou,CI,76.05,overcast clouds,5.1367,-5.0242,Hotel Beatitude de Grand Lahou
112,Faanui,PF,79.16,clear sky,-16.4833,-151.75,Bora-Bora Pearl Beach Resort & Spa
114,Ponta Do Sol,PT,75.0,clear sky,32.6667,-17.1,Hotel do Campo
117,Yenagoa,NG,75.65,overcast clouds,4.9247,6.2642,Aridolf Resort Wellness and Spa
118,Biak,ID,74.8,light rain,-0.9131,122.8766,Penginapan Kim
121,Bethel,US,74.48,scattered clouds,41.3712,-73.414,Courtyard by Marriott Danbury
129,Necochea,AR,66.04,clear sky,-38.5473,-58.7368,dyd -mar Hotel
132,Bundaberg,AU,69.17,clear sky,-24.85,152.35,Takalvan Motel
133,Banda Aceh,ID,77.86,scattered clouds,5.5577,95.3222,Sulthan Hotel International
136,Dingle,PH,74.98,overcast clouds,10.9995,122.6711,SEGAYA PROPERTY
137,Arvi,IN,72.64,broken clouds,20.9833,78.2333,Geet shirbhate
143,Isangel,VU,71.64,overcast clouds,-19.55,169.2667,Tanna Lodge
144,Amboasary,MG,68.43,light rain,-25.0333,46.3833,DISCOVERY AMBOASARY
145,Katubao,PH,78.91,heavy intensity rain,5.8892,124.8294,IML Ecopark
147,Dedougou,BF,79.38,scattered clouds,12.4667,-3.4667,Hôtel Bon Séjour
152,Cururupu,BR,76.08,few clouds,-1.8283,-44.8683,POUSADA TRAVÉS'CIA
155,Katsuura,JP,77.74,moderate rain,35.1333,140.3,Katsuura Hotel Mikazuki
161,Los Llanos De Aridane,ES,71.13,clear sky,28.6585,-17.9182,Valle Aridane
172,Cap Malheureux,MU,72.46,light rain,-19.9842,57.6142,Pereybere Hotel & Spa
183,Abha,SA,68.65,scattered clouds,18.2164,42.5053,Abha Hotel
185,Lompoc,US,73.53,few clouds,34.6391,-120.4579,"Holiday Inn Express Lompoc, an IHG Hotel"
187,Jamestown,US,79.18,scattered clouds,42.097,-79.2353,Hampton Inn & Suites Jamestown
197,Sibolga,ID,75.74,moderate rain,1.7427,98.7792,Hotel Syariah CN Darussalam
199,Voh,NC,71.64,clear sky,-20.9667,164.7,Le gîte du Koniambo
201,Borba,BR,75.63,overcast clouds,-4.3878,-59.5939,Hotel da Amazônia
202,Matsusaka,JP,75.51,overcast clouds,34.5667,136.5333,Toyoko Inn Ise Matsusaka Station
203,Huarmey,PE,66.61,scattered clouds,-10.0681,-78.1522,Hotel Miramar
207,Xuddur,SO,73.49,overcast clouds,4.1213,43.8894,Banjanay Hotel
209,Hengshui,CN,65.19,light rain,37.7322,115.7011,Eaka Hotel Hengshui Railway Station Branch
210,Mount Isa,AU,73.09,clear sky,-20.7333,139.5,ibis Styles Mt Isa Verona
211,Waingapu,ID,76.89,broken clouds,-9.6567,120.2641,Pondok Wisata Elim
213,Da Nang,VN,77.49,few clouds,16.0678,108.2208,Sun River Hotel
214,San Nicolas,PH,79.52,moderate rain,18.1725,120.5953,NORTHVIEW Hotel
216,Am Timan,TD,71.92,light rain,11.0297,20.2827,Palais du chef Canton Salamt
219,Ajdabiya,LY,77.56,clear sky,30.7554,20.2263,Almadina Hotel
222,Mogadishu,SO,77.52,scattered clouds,2.0371,45.3438,Hotel Juba
224,Honghu,CN,72.97,broken clouds,29.8206,113.4621,文泉花园酒店
228,Talara,PE,66.31,few clouds,-4.5772,-81.2719,Hostal Oro Negro
231,Mongo,TD,79.29,overcast clouds,12.1844,18.693,Résidences du Programme FIDA
235,Tianpeng,CN,65.55,overcast clouds,30.9866,103.9393,Shuangliu Love Home Business Hotel
243,Myitkyina,MM,72.52,overcast clouds,25.3833,97.4,Shwe Phyu Hotel
245,Wajima,JP,72.01,overcast clouds,37.4,136.9,Wajiima Onsen Yashio
247,Gorontalo,ID,73.96,overcast clouds,0.5412,123.0595,Maqna Hotel by Prasanthi
248,Kaduqli,SD,72.61,overcast clouds,11.0167,29.7167,فندق الله جابو
251,Jingdezhen,CN,68.09,clear sky,29.2947,117.2079,Garden Hotel
252,Morondava,MG,74.19,scattered clouds,-20.2833,44.2833,La Case Bambou
254,Sandakan,MY,74.39,broken clouds,5.8402,118.1179,Hotel Sandakan
255,Sabha,LY,79.93,clear sky,27.0377,14.4283,Foundation Taaj Asala for Historical Research and Archeology
257,Meulaboh,ID,77.13,overcast clouds,4.1363,96.1285,Kost Pria
259,Anloga,GH,78.53,overcast clouds,5.7947,0.8973,Pin Drop Hotel
263,Touros,BR,77.81,broken clouds,-5.1989,-35.4608,INN NEW HORIZON
264,Ternate,ID,76.05,light rain,0.8,127.4,Grand Dafam Bela Ternate
269,Maningrida,AU,72.64,broken clouds,-12.0667,134.2667,Dhukurrdji Lodge
271,Pindobacu,BR,74.64,clear sky,-10.7417,-40.3608,Hotel Valmont
275,Port Blair,IN,79.43,overcast clouds,11.6667,92.75,"Welcomhotel By ITC Hotels, Bay Island, Port Blair"
277,Chapais,CA,69.8,scattered clouds,49.7834,-74.8492,Hôtel Opémiska
283,Ofunato,JP,68.67,overcast clouds,39.0717,141.7167,Ofunato Hot Spring
286,Padang,ID,76.89,overcast clouds,-0.9492,100.3543,Mercure Padang
288,Pacific Grove,US,79.75,scattered clouds,36.6177,-121.9166,Lovers Point Inn
293,Port Keats,AU,78.06,scattered clouds,-14.25,129.55,TDC Village (Hundred Man Camp)
294,Palmer,US,71.49,broken clouds,42.1584,-72.3287,Wedgewood Motel
296,Eyl,SO,78.21,overcast clouds,7.9803,49.8164,Amiin Hotel
297,Bandarbeyla,SO,77.72,broken clouds,9.4942,50.8122,JABIR HOTEL
301,Oussouye,SN,79.03,overcast clouds,12.485,-16.5469,Auberge du Routard
308,Faya,SA,68.59,scattered clouds,18.3851,42.4509,املاك خالد الشعشوع
309,Filadelfia,US,77.29,broken clouds,39.9523,-75.1638,"The Ritz-Carlton, Philadelphia"
312,Palu,ID,73.53,overcast clouds,-0.8917,119.8707,Hotel Santika Palu
316,Fethiye,TR,73.47,clear sky,36.6217,29.1164,Club & Hotel Letoonia
317,Teguise,ES,69.57,clear sky,29.0605,-13.564,B&B La Casona de Nazaret
318,Flinders,AU,67.05,broken clouds,-34.5833,150.8552,Shellharbour Resort & Conference Centre
320,Tucuman,AR,76.91,clear sky,-26.8241,-65.2226,HOTEL MIAMI
322,Iguape,BR,67.8,overcast clouds,-24.7081,-47.5553,Hotel Pousada Nossa Senhora do Carmo
323,Turayf,SA,76.5,clear sky,31.6725,38.6637,Turaif
326,Nova Olinda Do Norte,BR,79.68,overcast clouds,-3.8881,-59.0942,Jardim Paiva Hotel
330,Manokwari,ID,76.33,moderate rain,-0.8667,134.0833,Swiss Belhotel Manokwari
339,Maragogi,BR,74.61,scattered clouds,-9.0122,-35.2225,Salinas do Maragogi All Inclusive Resort
340,Gat,IL,75.81,clear sky,31.61,34.7642,OlusHome
343,Uige,AO,69.3,broken clouds,-7.6087,15.0613,Hotel Catraio
345,Eureka,US,78.67,overcast clouds,40.8021,-124.1637,Eureka Inn Trademark By Wyndham
347,Poum,NC,70.05,clear sky,-20.2333,164.0167,Gîte kajeon
348,Karratha,AU,70.52,clear sky,-20.7377,116.8463,ibis Styles Karratha
351,Morro Bay,US,74.21,few clouds,35.3658,-120.8499,Inn at Morro Bay
359,Los Andes,CL,65.21,clear sky,-32.8337,-70.5983,Hotel Los Andes
368,Diamantina,BR,65.97,clear sky,-18.2494,-43.6003,POUSADA OURO DE MINAS
377,Wanning,CN,78.42,scattered clouds,18.8003,110.3967,Paradise Hotel
378,Manado,ID,76.17,overcast clouds,1.487,124.8455,Aryaduta Hotel
383,Ryotsu,JP,69.96,overcast clouds,38.0833,138.4333,Sadokamoko Onsen Kohanno Yado Yoshidaya
389,Muroto,JP,79.21,broken clouds,33.2833,134.15,Oota Ryokan
390,Hami,CN,70.0,broken clouds,42.8,93.45,Laoyutang Resort
391,Balkanabat,TM,74.1,clear sky,39.5108,54.3671,Nebitchi Hotel
392,Quatre Cocos,MU,72.09,light rain,-20.2078,57.7625,Sunrise Attitude Hotel
394,Kiunga,PG,72.99,overcast clouds,-6.1219,141.2906,Airport Lodge Kiunga
396,Mhasla,IN,75.07,overcast clouds,18.1333,73.1167,OYO 63178 Ghansar Lodge
397,Najran,SA,76.12,broken clouds,17.4924,44.1277,محمد هادي ال فطيح
403,Ambon,ID,76.89,moderate rain,-3.6954,128.1814,Swiss-Belhotel Ambon
406,Eirunepe,BR,78.12,broken clouds,-6.6603,-69.8736,Atrás de você
407,Seydi,TM,79.07,clear sky,39.4816,62.9137,Seydi oteli
408,Sarangani,PH,79.86,light rain,5.4033,125.4636,Ballistic Islet
409,Remuna,IN,78.89,moderate rain,21.5261,86.8722,Nocci Residency
410,Changji,CN,69.53,clear sky,44.0167,87.3167,Lvye Holiday Resort
414,Daru,PG,75.97,overcast clouds,-9.0763,143.2092,Daru Lodge
418,Sao Filipe,CV,78.69,scattered clouds,14.8961,-24.4956,Hotel Xaguate
419,Cotonou,BJ,78.67,broken clouds,6.3654,2.4183,Novotel Cotonou Orisha
421,Vila Franca Do Campo,PT,66.69,overcast clouds,37.7167,-25.4333,Pestana Bahia Praia
425,Manacapuru,BR,76.33,broken clouds,-3.2997,-60.6206,Novo Hotel
426,Baculin,PH,76.93,overcast clouds,7.4525,126.5842,Shovy's Cove
436,Samarai,PG,77.83,overcast clouds,-10.6167,150.6667,Nuli Sapi
437,Nouadhibou,MR,74.55,overcast clouds,20.931,-17.0347,El Medina
439,Liku,ID,74.12,overcast clouds,-0.7275,119.8922,Wahyu
440,Ahtopol,BG,71.17,overcast clouds,42.1,27.95,Agata Beach Hotel
444,Fukuma,JP,73.08,overcast clouds,33.7667,130.4667,Masago
446,Nelson Bay,AU,65.28,broken clouds,-32.7167,152.15,Mantra Nelson Bay
447,Emerald,AU,66.11,clear sky,-23.5333,148.1667,The Irish Village
448,Upata,VE,78.19,broken clouds,8.0086,-62.3989,Posada Villa Nela
452,Minot,US,71.11,broken clouds,48.2325,-101.2963,Noble Inn
454,Marawi,PH,65.64,light rain,7.9986,124.2928,Derogongan Residence
455,Predejane,RS,65.5,broken clouds,42.8294,22.1311,Prenoćište Konak Iris
458,Southbridge,US,71.01,overcast clouds,42.0751,-72.0334,Southbridge Hotel & Conference Center
463,Sola,VU,79.68,few clouds,-13.8833,167.55,Leumerus Bungalows
464,Tabanan,ID,74.46,light rain,-8.5413,115.1252,Casa Artista Hotel Bali
465,Ikwiriri,TZ,69.64,clear sky,-7.9562,38.9716,Greenland lodge
469,Laizhou,CN,65.62,light rain,37.1717,119.9214,GreenTree Inn Yantai Laizhou South Road Unicom Building Express Hotel
471,Kinkala,CG,76.3,overcast clouds,-4.3614,14.7644,Hotel la Pepeche Kinkala
473,Mabaruma,GY,75.33,overcast clouds,8.2,-59.7833,Monty Brooms Guest House
475,Charters Towers,AU,67.39,clear sky,-20.1,146.2667,Cattleman's Rest Motor Inn
477,Mastic Beach,US,75.16,overcast clouds,40.7668,-72.8521,Brushwood House by Smith Point Beach
479,Guerrero Negro,MX,73.69,scattered clouds,27.9769,-114.0611,"Casa Laguna, Bed & Breakfast"
481,Sao Jose Da Coroa Grande,BR,74.75,scattered clouds,-8.8978,-35.1478,Crôa Mares Hotel
483,Praia Da Vitoria,PT,68.76,overcast clouds,38.7333,-27.0667,Hotel Branco I
484,Cuamba,MZ,76.84,overcast clouds,-14.8031,36.5372,Hotel Vision
488,Tortoli,IT,72.37,broken clouds,39.9256,9.6572,Hotel La Bitta
492,Neiafu,TO,78.15,light rain,-18.65,-173.9833,Mystic Sands Beachfront Accommodation
493,Manta,EC,75.27,scattered clouds,-0.95,-80.7333,Balandra Hotel
494,Anito,PH,77.23,overcast clouds,12.4497,125.2886,FELIPA LAODENIO PROPERTY
495,Ixtapa,MX,79.23,overcast clouds,20.7,-105.2,Hotel Plaza Providencia
499,Fiumicino,IT,74.95,few clouds,41.7675,12.2291,Al Porticciolo Hotel
504,Shinshiro,JP,78.44,moderate rain,34.9,137.5,丸登旅館
508,Beyla,GN,69.21,light rain,8.6833,-8.6333,DIAN SINKO
509,Tagusao,PH,77.72,overcast clouds,9.1924,117.8141,Toledo
511,Caravelas,BR,70.29,clear sky,-17.7125,-39.2481,Pousada dos Navegantes
512,Djougou,BJ,71.38,broken clouds,9.7085,1.666,Hotel cathas
515,Broome,US,76.66,overcast clouds,42.2506,-75.833,Chenango Valley State Park
519,San Rafael,AR,71.64,clear sky,-34.6177,-68.3301,Hotel San Rafael
520,Kabinda,CD,69.85,scattered clouds,-6.1333,24.4833,Village Mianda Mutole
521,Dromolaxia,CY,72.66,clear sky,34.8761,33.586,Sea N Lake View Hotel Apartments
522,Mareeba,AU,69.44,few clouds,-17.0,145.4333,Trinity Plains Tourist Park
523,Nimaparha,IN,79.59,overcast clouds,20.0667,86.0167,Maa Karanjai Sweet And Hotel 🏨
529,Bambanglipuro,ID,75.81,clear sky,-7.95,110.2833,Puri Brata
548,Korla,CN,68.04,clear sky,41.7597,86.1469,Gulisitan Hotel
549,Katoro,TZ,67.5,light rain,-3.0203,31.8958,Flamingo Hotels
551,Nouakchott,MR,78.24,overcast clouds,18.0858,-15.9785,HOTEL IMAN فندق إيمان
552,Bandarban,BD,74.21,overcast clouds,22.1965,92.2262,Hotel Plaza
557,Prachuap Khiri Khan,TH,70.95,broken clouds,12.2167,99.75,ผกากรองรีสอร์ท
559,Acari,PE,69.76,broken clouds,-15.4311,-74.6158,HOSPEDAJE XIMENA
561,Waddan,LY,79.34,clear sky,29.1614,16.139,محل الشريف محمد العايب
563,Impfondo,CG,70.52,overcast clouds,1.6381,18.0667,Auberge La Place de Jules
565,Chipata,ZM,71.6,broken clouds,-13.6333,32.65,Protea Hotel by Marriott Chipata
566,Port Washington,US,75.16,broken clouds,40.8257,-73.6982,The Andrew Hotel
568,Xinxiang,CN,66.81,light rain,35.3089,113.8672,Guoyu Holiday Inn
571,Marataizes,BR,70.61,scattered clouds,-21.0433,-40.8244,Ed. Barra Shopping
572,Methoni,GR,78.22,scattered clouds,36.8197,21.7049,Methoni Beach Hotel
574,Cabra,ES,77.4,clear sky,37.4725,-4.4421,MS Fuente Las Piedras
576,Jiangyou,CN,66.0,light rain,31.7667,104.7167,Shangping Shuyuan Inn
581,Evinayong,GQ,67.26,overcast clouds,1.4368,10.5512,Hotel Don Patricio
584,Westport,US,75.88,scattered clouds,41.1415,-73.3579,The Westport Inn
585,Onalaska,US,73.35,overcast clouds,43.8844,-91.2351,Stoney Creek Hotel La Crosse - Onalaska
586,Atambua,ID,69.94,broken clouds,-9.1061,124.8925,Pastori 1 Jemaat Polycarpus
587,Gemena,CD,69.44,overcast clouds,3.25,19.7667,Hôtel Goshen
588,Sokoni,TZ,76.59,scattered clouds,-6.4333,39.55,Ujamaa Beach Resort
593,Birjand,IR,68.79,clear sky,32.8663,59.2211,Birjand Tourist Hotel
596,San Luis,AR,70.7,clear sky,-33.295,-66.3356,Huarpes Hotel
602,Saint-Joseph,RE,67.21,clear sky,-21.3667,55.6167,"""Plantation Bed and Breakfast"
603,Pisco,PE,65.01,broken clouds,-13.7,-76.2167,Hotel San Isidro Oficial
604,Kuching,MY,74.55,light rain,1.55,110.3333,The Ranee Boutique Suites
607,Nishihara,JP,78.64,clear sky,26.1842,127.7558,Minshuku Agaihama
619,Tefe,BR,74.26,broken clouds,-3.3542,-64.7114,Aracati Hotel
620,Baker City,US,77.59,broken clouds,44.7749,-117.8344,Bridge Street Inn
623,Porto Novo,BJ,77.67,broken clouds,6.4965,2.6036,Tour Eiffel Hotel Benin
624,Vila Velha,BR,73.54,clear sky,-20.3297,-40.2925,Quality Suites Vila Velha
633,Yanam,IN,76.32,broken clouds,16.7333,82.2167,The Regency Hotel
634,Bafq,IR,78.06,clear sky,31.6128,55.4107,Alamdar Hotel
640,Vanimo,PG,78.49,broken clouds,-2.6741,141.3028,Vahmoneh Lodge Vanimo
641,Mastung,PK,70.02,clear sky,29.7994,66.845,Al Hasnan Cold Drink Santer
648,Nola,IT,77.56,overcast clouds,40.922,14.5329,Pamaran Hotel
650,Warwick,US,72.14,overcast clouds,41.7001,-71.4162,Hampton Inn & Suites Providence/Warwick-Airport
651,Ponta Delgada,PT,67.98,overcast clouds,37.7333,-25.6667,Vila Nova Hotel
652,Beruwala,LK,79.0,overcast clouds,6.4788,79.9828,The Palms Hotel
657,Yamethin,MM,74.3,overcast clouds,20.4333,96.15,အလင်းရောင် ဘက်ထရီ
658,General Roca,AR,68.45,few clouds,-39.0333,-67.5833,Hotel y Casino del Río General Roca
659,Bougouni,ML,75.18,overcast clouds,11.417,-7.479,Non Stop
661,Bonthe,SL,77.61,broken clouds,7.5264,-12.505,Bonthe Holiday Village
662,Tocopilla,CL,65.46,scattered clouds,-22.092,-70.1979,Hotel Galvarino
663,San Carlos,VE,78.89,few clouds,9.6612,-68.5827,Hotel Paternopoli
664,Tura,IN,72.14,overcast clouds,25.5198,90.2201,Hotel RIKMAN Continental
665,Santa Cruz Cabralia,BR,70.77,clear sky,-16.2781,-39.0247,Puerto Princesa Inn
670,Shelburne,CA,77.74,clear sky,44.0787,-80.2041,The Retreat at the Farm
671,Long,TH,73.13,overcast clouds,18.0761,99.8326,Nopphakoe Homestay
673,Vao,NC,67.44,clear sky,-22.6667,167.4833,Hotel Kou-Bugny
675,Ranong,TH,76.51,broken clouds,9.9658,98.6348,Tinidee Hotel@Ranong
676,Naze,JP,75.43,clear sky,28.3667,129.4833,オーベルジュ・アガルイ
677,Saryozek,KZ,66.87,broken clouds,44.3583,77.9753,Gostinitsa
685,Aksu,CN,68.77,clear sky,41.1231,80.2644,Pudong Holiday Hotel
688,Bartica,GY,79.77,broken clouds,6.4,-58.6167,Sloth Island Nature Resort
