City_ID,City,Country,Lat,Lng,Max Temp,Humidity,Cloudiness,Wind Speed,Current Description
0,Sisimiut,GL,66.9395,-53.6735,34.77,52,1,8.05,clear sky
1,Polunochnoye,RU,60.8697,60.4153,31.41,94,49,4.25,scattered clouds
2,Waipawa,NZ,-41.4122,175.5153,50.31,76,99,3.33,overcast clouds
3,New Norfolk,AU,-42.7826,147.0587,52.92,87,71,1.99,broken clouds
4,Ulladulla,AU,-35.35,150.4667,66.87,58,3,9.73,clear sky
5,Salalah,OM,17.0151,54.0924,79.83,88,71,4.27,broken clouds
6,Yuksekova,TR,37.5736,44.2872,48.06,60,0,2.46,clear sky
7,Thompson,CA,55.7435,-97.8558,50.36,50,100,6.93,overcast clouds
8,Lata,PT,40.1629,-8.3327,67.05,91,77,4.34,broken clouds
9,Kahului,US,20.8947,-156.47,81.97,79,100,15.48,overcast clouds
10,Port Macquarie,AU,-31.4333,152.9167,62.04,68,58,10.92,broken clouds
11,Panguna,PG,-6.3164,155.4848,77.83,67,64,2.59,broken clouds
12,Punta Arenas,CL,-53.15,-70.9167,39.49,82,97,2.35,overcast clouds
13,Port-Gentil,GA,-0.7193,8.7815,77.92,84,100,14.12,overcast clouds
14,Alofi,NU,-19.0595,-169.9187,78.19,81,13,18.23,light rain
15,Port Alfred,ZA,-33.5906,26.891,58.15,55,83,3.4,broken clouds
16,Sambava,MG,-14.2667,50.1667,67.3,91,60,4.7,broken clouds
17,Poddorye,RU,57.4695,31.1156,35.62,83,32,5.37,scattered clouds
18,Chuy,UY,-33.6971,-53.4616,55.94,91,68,7.72,broken clouds
19,Seryshevo,RU,51.0933,128.3786,39.27,92,28,9.89,scattered clouds
20,Butaritari,KI,3.0707,172.7902,81.41,76,67,12.77,broken clouds
21,Avarua,CK,-21.2078,-159.775,75.06,70,26,17.85,scattered clouds
22,Narathiwat,TH,6.3333,101.75,74.32,95,85,3.06,overcast clouds
23,Hamilton,US,39.1834,-84.5333,89.26,62,24,1.01,few clouds
24,Mahebourg,MU,-20.4081,57.7,72.25,84,18,5.86,few clouds
25,Glendive,US,47.1053,-104.7125,74.52,27,43,13.0,scattered clouds
26,Chokurdakh,RU,70.6333,147.9167,31.68,80,100,12.91,overcast clouds
27,Arraial Do Cabo,BR,-22.9661,-42.0278,69.28,89,99,16.26,overcast clouds
28,Acapulco,MX,16.8634,-99.8901,82.81,78,99,2.51,overcast clouds
29,Puerto Ayora,EC,-0.7393,-90.3518,70.56,89,97,5.99,overcast clouds
30,Barrow,US,71.2906,-156.7887,31.01,88,100,10.6,overcast clouds
31,Bluff,NZ,-46.6,168.3333,43.81,68,11,5.1,few clouds
32,Winchester,GB,51.0651,-1.3187,59.61,94,50,3.06,scattered clouds
33,Rikitea,PF,-23.1203,-134.9692,71.94,74,60,11.05,broken clouds
34,Kaduna,NG,10.5222,7.4383,72.1,86,60,3.02,broken clouds
35,Visconde Do Rio Branco,BR,-21.0103,-42.8406,68.65,88,33,4.97,scattered clouds
36,San Cristobal,VE,7.7669,-72.225,78.46,57,11,5.5,few clouds
37,Rurrenabaque,BO,-14.4413,-67.5278,89.76,39,11,1.92,few clouds
38,Mataura,NZ,-46.1927,168.8643,43.48,59,13,3.42,few clouds
39,Atuona,PF,-9.8,-139.0333,77.97,71,16,17.09,few clouds
40,Hobart,AU,-42.8794,147.3294,53.26,82,68,1.99,light rain
41,Angoche,MZ,-16.2325,39.9086,74.46,88,12,5.91,few clouds
42,Evensk,RU,61.95,159.2333,46.98,89,100,5.99,overcast clouds
43,San Quintin,MX,30.4833,-115.95,73.29,63,8,14.81,clear sky
44,Cabo San Lucas,MX,22.8909,-109.9124,91.81,71,41,7.0,scattered clouds
45,Ribeira Grande,PT,38.5167,-28.7,70.34,78,96,6.51,overcast clouds
46,Karaton,ID,-6.3424,106.1045,73.22,93,48,0.72,scattered clouds
47,Dikson,RU,73.5069,80.5464,33.8,72,42,20.2,scattered clouds
48,Kapaa,US,22.0752,-159.319,80.11,59,100,3.0,overcast clouds
49,Gornopravdinsk,RU,60.05,69.9,39.16,96,100,13.53,overcast clouds
50,Dunedin,NZ,-45.8742,170.5036,48.79,61,44,7.0,scattered clouds
51,Khorixas,NA,-20.3667,14.9667,62.83,20,0,1.7,clear sky
52,Inhambane,MZ,-23.865,35.3833,69.55,60,82,17.78,broken clouds
53,Hilo,US,19.7297,-155.09,81.81,80,78,1.99,broken clouds
54,Juneau,US,58.3019,-134.4197,54.84,75,100,3.65,overcast clouds
55,Yulara,AU,-25.2406,130.9889,54.41,30,0,13.85,clear sky
56,Bredasdorp,ZA,-34.5322,20.0403,54.28,84,0,10.31,clear sky
57,Hervey Bay,AU,-25.2986,152.8535,67.46,59,0,9.51,clear sky
58,Busselton,AU,-33.65,115.3333,56.05,89,99,14.34,overcast clouds
59,Severo-Kurilsk,RU,50.6789,156.125,51.96,67,20,7.23,few clouds
60,Bambous Virieux,MU,-20.3428,57.7575,72.21,84,13,6.2,few clouds
61,Egvekinot,RU,66.3167,-179.1667,32.86,65,100,2.1,overcast clouds
62,Christchurch,NZ,-43.5333,172.6333,49.32,62,7,8.52,clear sky
63,Tukrah,LY,32.5341,20.5791,76.44,71,0,7.49,clear sky
64,Duku,NG,11.2361,4.9073,74.71,90,94,4.09,overcast clouds
65,Nisia Floresta,BR,-6.0911,-35.2086,76.37,81,77,12.55,broken clouds
66,Te Anau,NZ,-45.4167,167.7167,43.0,76,42,2.51,scattered clouds
67,Tateyama,JP,34.9833,139.8667,77.67,82,100,25.19,heavy intensity rain
68,Albany,US,42.6001,-73.9662,75.67,83,68,5.28,broken clouds
69,Taoudenni,ML,22.6783,-3.9836,97.25,23,91,13.09,overcast clouds
70,Nanortalik,GL,60.1432,-45.2371,37.94,83,21,19.75,few clouds
71,Qaanaaq,GL,77.484,-69.3632,10.26,69,7,7.2,clear sky
72,Georgetown,MY,5.4112,100.3354,79.9,89,96,4.7,overcast clouds
73,Tiksi,RU,71.6872,128.8694,34.43,76,100,15.46,overcast clouds
74,Saint-Philippe,RE,-21.3585,55.7679,68.22,76,4,5.08,clear sky
75,Loiza,PR,18.4313,-65.8802,83.86,82,9,11.3,clear sky
76,Bang Saphan,TH,11.2126,99.5117,74.39,90,28,3.51,scattered clouds
77,San Lorenzo,PY,-25.3333,-57.5333,79.14,59,91,7.38,overcast clouds
78,Ust-Kuyga,RU,70.0167,135.6,32.72,91,100,13.6,light snow
79,Abhar,IR,36.1468,49.218,57.99,66,2,5.75,clear sky
80,Kushima,JP,31.4583,131.2333,75.24,89,34,6.02,scattered clouds
81,Vaini,TO,-21.2,-175.2,76.26,82,3,9.44,clear sky
82,Ushuaia,AR,-54.8,-68.3,37.83,83,100,1.1,overcast clouds
83,Asau,RO,46.4333,26.4,65.95,74,94,5.1,light rain
84,Estelle,US,29.8458,-90.1067,84.99,79,100,1.01,overcast clouds
85,Grand Gaube,MU,-20.0064,57.6608,72.37,85,34,1.01,light rain
86,Stornoway,GB,58.2093,-6.3865,53.92,94,46,8.43,scattered clouds
87,Broken Hill,AU,-31.95,141.4333,51.8,67,3,14.12,clear sky
88,Urengoy,RU,65.9667,78.3667,43.02,97,100,16.17,overcast clouds
89,Hermanus,ZA,-34.4187,19.2345,54.81,75,0,20.31,clear sky
90,Castro,BR,-24.7911,-50.0119,58.35,99,98,4.0,overcast clouds
91,Luderitz,NA,-26.6481,15.1594,56.89,74,0,12.75,clear sky
92,Axim,GH,4.8699,-2.2405,76.15,93,100,8.34,overcast clouds
93,Leopold,AU,-38.1833,144.4667,56.48,73,52,14.0,broken clouds
94,Normandin,CA,48.8333,-72.5321,71.6,54,1,8.77,clear sky
95,Puerto Quijarro,BO,-17.7833,-57.7667,94.26,21,13,2.68,few clouds
96,Ahuimanu,US,21.4447,-157.8378,83.86,70,90,19.44,overcast clouds
97,Bjornevatn,NO,69.6672,29.9847,38.88,80,99,11.16,overcast clouds
98,Souillac,MU,-20.5167,57.5167,72.36,84,36,4.9,scattered clouds
99,Totoral,PE,-17.4053,-70.365,68.4,37,69,4.92,broken clouds
100,Straumen,NO,63.8709,11.2999,50.61,73,75,5.01,broken clouds
101,Austin,US,30.2672,-97.7431,99.72,43,2,1.99,clear sky
102,Aitape,PG,-3.1374,142.3475,79.5,86,50,4.94,light rain
103,Yellowknife,CA,62.456,-114.3525,48.74,52,49,11.81,scattered clouds
104,Luanda,AO,-8.8368,13.2343,70.88,82,12,9.13,few clouds
105,Namibe,AO,-15.1961,12.1522,62.06,88,50,7.34,scattered clouds
106,Tiarei,PF,-17.5333,-149.3333,77.38,77,25,23.8,scattered clouds
107,Kavieng,PG,-2.5744,150.7967,82.83,76,44,13.4,light rain
108,Antalaha,MG,-14.9003,50.2788,66.45,92,76,4.16,broken clouds
109,Bengkulu,ID,-3.8004,102.2655,74.93,86,36,4.88,scattered clouds
110,Grand-Lahou,CI,5.1367,-5.0242,76.05,94,100,8.68,overcast clouds
111,Abu Samrah,SY,35.3029,37.1841,71.6,54,0,6.35,clear sky
112,Faanui,PF,-16.4833,-151.75,79.16,73,0,20.76,clear sky
113,Kavaratti,IN,10.5669,72.642,80.71,81,61,9.17,broken clouds
114,Ponta Do Sol,PT,32.6667,-17.1,75.0,76,3,2.66,clear sky
115,Uvat,RU,59.1433,68.8953,38.68,91,100,13.56,overcast clouds
116,Marakkanam,IN,12.2,79.95,82.44,79,95,9.26,heavy intensity rain
117,Yenagoa,NG,4.9247,6.2642,75.65,94,91,3.27,overcast clouds
118,Biak,ID,-0.9131,122.8766,74.8,84,96,7.54,light rain
119,Athabasca,CA,54.7169,-113.2854,60.48,28,100,16.82,overcast clouds
120,Beitbridge,ZW,-22.2167,30.0,61.16,72,11,22.77,few clouds
121,Bethel,US,41.3712,-73.414,74.48,86,47,5.59,scattered clouds
122,Ust-Maya,RU,60.4167,134.5333,39.65,94,100,3.83,overcast clouds
123,Krasnyy Chikoy,RU,50.3643,108.7512,46.27,93,99,1.52,overcast clouds
124,Hithadhoo,MV,-0.6,73.0833,82.26,74,100,4.38,overcast clouds
125,Fort Nelson,CA,58.8053,-122.7002,56.44,42,98,1.12,overcast clouds
126,Palana,RU,59.1167,159.9667,48.79,73,7,8.08,clear sky
127,Cidreira,BR,-30.1811,-50.2056,62.33,94,100,16.71,overcast clouds
128,Glen Allen,US,37.666,-77.5064,81.09,85,79,5.01,broken clouds
129,Necochea,AR,-38.5473,-58.7368,66.04,76,1,10.42,clear sky
130,Cherskiy,RU,68.75,161.3,40.78,79,100,6.55,overcast clouds
131,Hofn,IS,64.2539,-15.2082,50.74,92,79,6.89,broken clouds
132,Bundaberg,AU,-24.85,152.35,69.17,53,0,8.79,clear sky
133,Banda Aceh,ID,5.5577,95.3222,77.86,88,31,7.63,scattered clouds
134,Carnarvon,AU,-24.8667,113.6333,58.05,44,0,19.01,clear sky
135,Port Augusta,AU,-32.5,137.7667,53.71,68,2,6.06,clear sky
136,Dingle,PH,10.9995,122.6711,74.98,94,100,3.02,overcast clouds
137,Arvi,IN,20.9833,78.2333,72.64,95,66,5.99,broken clouds
138,Haines Junction,CA,60.7522,-137.5108,45.73,74,100,2.73,overcast clouds
139,Minas De Barroteran,MX,27.6333,-101.2833,97.95,24,0,12.17,clear sky
140,Gizo,SB,-8.103,156.8419,82.71,76,73,13.62,light rain
141,Amapa,BR,1.0,-52.0,76.84,78,79,3.31,broken clouds
142,Antofagasta,CL,-23.65,-70.4,60.13,74,37,8.08,scattered clouds
143,Isangel,VU,-19.55,169.2667,71.64,79,100,18.41,overcast clouds
144,Amboasary,MG,-25.0333,46.3833,68.43,76,79,10.76,light rain
145,Katubao,PH,5.8892,124.8294,78.91,79,100,2.24,heavy intensity rain
146,Meadow Lake,US,34.8014,-106.5436,91.47,14,0,8.05,clear sky
147,Dedougou,BF,12.4667,-3.4667,79.38,70,49,4.72,scattered clouds
148,Havre-Saint-Pierre,CA,50.2334,-63.5986,56.79,80,15,8.21,few clouds
149,Nalut,LY,30.3333,10.85,80.26,19,0,10.56,clear sky
150,Lorengau,PG,-2.0226,147.2712,83.55,75,72,11.48,broken clouds
151,Cape Town,ZA,-33.9258,18.4232,56.88,78,0,4.0,clear sky
152,Cururupu,BR,-1.8283,-44.8683,76.08,89,14,3.18,few clouds
153,Boende,CD,-0.2167,20.8667,71.62,83,61,2.57,broken clouds
154,Kargil,IN,34.5667,76.1,56.19,50,0,4.12,clear sky
155,Katsuura,JP,35.1333,140.3,77.74,81,100,23.49,moderate rain
156,Codrington,AU,-38.2667,141.9667,49.28,76,18,18.25,light rain
157,Port Elizabeth,ZA,-33.918,25.5701,52.11,69,33,3.42,scattered clouds
158,Port Hardy,CA,50.6996,-127.4199,49.6,94,100,17.52,moderate rain
159,Bereda,ES,43.2686,-7.5406,56.91,100,15,1.05,few clouds
160,Tigil,RU,57.8,158.6667,50.67,75,100,5.23,overcast clouds
161,Los Llanos De Aridane,ES,28.6585,-17.9182,71.13,78,9,12.55,clear sky
162,Kaitangata,NZ,-46.2817,169.8464,45.48,55,13,7.74,few clouds
163,Turbe,BA,44.2436,17.5714,59.56,99,82,2.51,light rain
164,Forestville,US,38.8451,-76.875,80.71,81,38,1.01,scattered clouds
165,Camacupa,AO,-12.0167,17.4833,77.67,28,69,3.36,broken clouds
166,High Rock,BS,26.6208,-78.2833,84.96,66,2,6.55,clear sky
167,Bachaquero,VE,9.9694,-71.1494,87.87,65,4,4.7,clear sky
168,Port Lincoln,AU,-34.7333,135.8667,54.64,61,84,16.35,broken clouds
169,Ayagoz,KZ,47.9714,80.4392,64.99,19,100,7.81,overcast clouds
170,Lebu,CL,-37.6167,-73.65,52.2,87,98,10.16,overcast clouds
171,Garden City,US,42.3256,-83.331,86.2,61,9,7.74,clear sky
172,Cap Malheureux,MU,-19.9842,57.6142,72.46,85,45,1.01,light rain
173,Waverly,US,42.7392,-84.6208,85.48,62,33,9.75,scattered clouds
174,Zyryanka,RU,65.75,150.85,48.74,65,3,2.91,clear sky
175,Cernay,FR,47.8097,7.177,60.22,84,9,2.82,clear sky
176,Enid,US,36.3956,-97.8784,94.01,43,0,4.0,clear sky
177,Beringovskiy,RU,63.05,179.3167,44.69,51,27,7.83,scattered clouds
178,Solnechnyy,RU,50.7214,136.6319,52.18,92,96,2.19,overcast clouds
179,Floro,NO,61.5996,5.0328,54.97,84,100,14.43,overcast clouds
180,Mar Del Plata,AR,-38.0023,-57.5575,57.74,78,0,10.45,clear sky
181,East London,ZA,-33.0153,27.9116,58.21,59,66,3.87,broken clouds
182,Olkhovka,RU,53.2115,60.6069,43.79,69,100,10.42,overcast clouds
183,Abha,SA,18.2164,42.5053,68.65,48,34,3.38,scattered clouds
184,Marsh Harbour,BS,26.5412,-77.0636,84.02,68,39,2.86,scattered clouds
185,Lompoc,US,34.6391,-120.4579,73.53,60,11,1.01,few clouds
186,Geraldton,AU,-28.7667,114.6,51.6,73,0,8.25,clear sky
187,Jamestown,US,42.097,-79.2353,79.18,84,27,4.36,scattered clouds
188,Dukhovnitskoye,RU,52.4828,48.2137,44.96,65,93,8.59,overcast clouds
189,Gorodovikovsk,RU,46.0878,41.9335,54.5,57,4,6.87,clear sky
190,Aklavik,CA,68.2191,-135.0107,44.04,78,96,11.81,overcast clouds
191,Burns Lake,CA,54.2331,-125.7533,43.3,89,100,3.62,overcast clouds
192,Hohhot,CN,40.8106,111.6522,60.53,44,100,4.63,overcast clouds
193,Khatanga,RU,71.9667,102.5,26.56,93,13,8.68,few clouds
194,Victoria,HK,22.2855,114.1577,85.32,84,14,1.01,few clouds
195,Lovozero,RU,68.005,35.0117,41.54,69,100,1.86,overcast clouds
196,Borogontsy,RU,62.6683,131.1683,47.73,95,100,2.33,overcast clouds
197,Sibolga,ID,1.7427,98.7792,75.74,89,71,2.89,moderate rain
198,Saskylakh,RU,71.9167,114.0833,30.45,91,99,8.84,overcast clouds
199,Voh,NC,-20.9667,164.7,71.64,49,0,9.84,clear sky
200,Burnie,AU,-41.0667,145.9167,54.91,88,86,17.11,overcast clouds
201,Borba,BR,-4.3878,-59.5939,75.63,91,87,2.17,overcast clouds
202,Matsusaka,JP,34.5667,136.5333,75.51,95,100,18.54,overcast clouds
203,Huarmey,PE,-10.0681,-78.1522,66.61,73,34,11.07,scattered clouds
204,Tuktoyaktuk,CA,69.4541,-133.0374,47.05,71,99,6.44,overcast clouds
205,Ayan,RU,56.45,138.1667,47.95,62,5,5.06,clear sky
206,Coihaique,CL,-45.5752,-72.0662,41.43,92,80,7.14,broken clouds
207,Xuddur,SO,4.1213,43.8894,73.49,69,92,16.2,overcast clouds
208,Puerto Escondido,MX,15.85,-97.0667,83.57,74,63,3.69,broken clouds
209,Hengshui,CN,37.7322,115.7011,65.19,81,100,3.47,light rain
210,Mount Isa,AU,-20.7333,139.5,73.09,25,5,9.01,clear sky
211,Waingapu,ID,-9.6567,120.2641,76.89,82,59,9.73,broken clouds
212,Avera,US,33.194,-82.5271,84.7,57,63,6.78,broken clouds
213,Da Nang,VN,16.0678,108.2208,77.49,87,23,5.68,few clouds
214,San Nicolas,PH,18.1725,120.5953,79.52,79,11,3.74,moderate rain
215,Coahuayana,MX,18.7333,-103.6833,84.58,77,79,5.12,broken clouds
216,Am Timan,TD,11.0297,20.2827,71.92,95,100,11.32,light rain
217,Jefferson City,US,38.5767,-92.1735,92.05,27,0,8.03,clear sky
218,Upernavik,GL,72.7868,-56.1549,30.29,83,100,12.15,light snow
219,Ajdabiya,LY,30.7554,20.2263,77.56,53,0,7.7,clear sky
220,Ahipara,NZ,-35.1667,173.1667,57.78,57,1,8.72,clear sky
221,Yichun,CN,47.7,128.9,51.48,96,100,4.56,overcast clouds
222,Mogadishu,SO,2.0371,45.3438,77.52,83,49,15.52,scattered clouds
223,La Ronge,CA,55.1001,-105.2842,45.79,74,100,4.59,overcast clouds
224,Honghu,CN,29.8206,113.4621,72.97,74,55,4.16,broken clouds
225,Iqaluit,CA,63.7506,-68.5145,35.06,79,100,14.52,overcast clouds
226,Anadyr,RU,64.75,177.4833,44.44,72,31,9.86,scattered clouds
227,Olafsvik,IS,64.8945,-23.7142,45.57,62,100,7.07,overcast clouds
228,Talara,PE,-4.5772,-81.2719,66.31,83,24,14.0,few clouds
229,Rawson,AR,-43.3002,-65.1023,62.11,36,70,6.22,broken clouds
230,Dandong,CN,40.1292,124.3947,61.14,90,36,4.12,scattered clouds
231,Mongo,TD,12.1844,18.693,79.29,75,95,7.94,overcast clouds
232,Klyuchi,RU,52.2667,79.1667,48.45,83,26,11.03,scattered clouds
233,Bukan,IR,36.521,46.2089,63.9,39,0,6.35,clear sky
234,Torgelow,DE,53.6333,14.0167,59.5,89,99,6.8,overcast clouds
235,Tianpeng,CN,30.9866,103.9393,65.55,96,100,0.54,overcast clouds
236,Ko Samui,TH,9.5357,99.9357,82.67,73,27,1.1,scattered clouds
237,Damaturu,NG,11.747,11.9608,80.31,65,92,10.76,overcast clouds
238,San Pedro,PH,14.35,121.0167,80.1,86,91,6.22,overcast clouds
239,Vostok,RU,46.4856,135.8833,50.22,81,0,3.65,clear sky
240,Shakhovskaya,RU,56.0283,35.5097,38.37,71,31,5.57,scattered clouds
241,Butka,RU,56.7179,63.7866,35.76,90,92,7.29,overcast clouds
242,Provideniya,RU,64.3833,-173.3,41.67,68,100,10.27,overcast clouds
243,Myitkyina,MM,25.3833,97.4,72.52,100,100,0.36,overcast clouds
244,Pangnirtung,CA,66.1451,-65.7125,35.11,77,100,2.68,overcast clouds
245,Wajima,JP,37.4,136.9,72.01,92,100,4.47,overcast clouds
246,Diffa,NE,13.3154,12.6113,88.32,37,91,9.48,overcast clouds
247,Gorontalo,ID,0.5412,123.0595,73.96,93,100,2.17,overcast clouds
248,Kaduqli,SD,11.0167,29.7167,72.61,93,99,4.21,overcast clouds
249,Qostanay,KZ,53.1667,63.5833,45.39,74,85,10.13,overcast clouds
250,Sembakung,ID,3.8167,117.25,73.13,99,100,1.81,overcast clouds
251,Jingdezhen,CN,29.2947,117.2079,68.09,79,0,3.94,clear sky
252,Morondava,MG,-20.2833,44.2833,74.19,67,42,16.69,scattered clouds
253,Merauke,ID,-8.4667,140.3333,76.89,75,100,15.77,overcast clouds
254,Sandakan,MY,5.8402,118.1179,74.39,93,65,4.5,broken clouds
255,Sabha,LY,27.0377,14.4283,79.93,22,0,9.6,clear sky
256,Hrebinka,UA,50.1171,32.4361,61.29,81,98,12.64,overcast clouds
257,Meulaboh,ID,4.1363,96.1285,77.13,89,86,1.23,overcast clouds
258,Kitimat,CA,54.0524,-128.6534,43.88,99,100,2.71,light rain
259,Anloga,GH,5.7947,0.8973,78.53,88,96,11.14,overcast clouds
260,Makakilo City,US,21.3469,-158.0858,82.69,70,99,20.18,overcast clouds
261,Fortuna,US,40.5982,-124.1573,87.19,47,66,4.0,broken clouds
262,Raga,SS,8.4596,25.678,67.28,97,99,3.27,overcast clouds
263,Touros,BR,-5.1989,-35.4608,77.81,80,83,16.37,broken clouds
264,Ternate,ID,0.8,127.4,76.05,80,100,1.32,light rain
265,Ancud,CL,-41.8697,-73.8203,50.43,83,99,10.76,light rain
266,Saldanha,ZA,-33.0117,17.9442,57.97,62,0,17.52,clear sky
267,Tasiilaq,GL,65.6145,-37.6368,28.81,62,100,1.83,overcast clouds
268,Leningradskiy,RU,69.3833,178.4167,31.78,96,100,1.54,light snow
269,Maningrida,AU,-12.0667,134.2667,72.64,81,54,9.46,broken clouds
270,San Jose,US,37.3394,-121.895,85.87,40,0,3.0,clear sky
271,Pindobacu,BR,-10.7417,-40.3608,74.64,46,10,6.42,clear sky
272,Alta Floresta,BR,-9.8756,-56.0861,85.84,38,36,4.18,scattered clouds
273,Talnakh,RU,69.4865,88.3972,36.84,70,16,3.22,few clouds
274,Carauari,BR,-4.8828,-66.8958,85.01,61,93,2.37,overcast clouds
275,Port Blair,IN,11.6667,92.75,79.43,82,99,2.73,overcast clouds
276,Besikduzu,TR,41.052,39.2284,63.95,78,86,5.32,overcast clouds
277,Chapais,CA,49.7834,-74.8492,69.8,51,50,17.07,scattered clouds
278,Maseru,LS,-29.3167,27.4833,45.77,36,0,0.47,clear sky
279,Namatanai,PG,-3.6667,152.4333,81.61,76,29,7.25,scattered clouds
280,Santa Marta,CO,11.2408,-74.199,91.35,76,35,13.82,scattered clouds
281,Berlevag,NO,70.8578,29.0864,42.06,77,97,13.82,overcast clouds
282,Jalu,LY,29.0331,21.5482,80.83,28,0,7.87,clear sky
283,Ofunato,JP,39.0717,141.7167,68.67,98,100,18.77,overcast clouds
284,Brae,GB,60.3964,-1.353,55.17,97,100,20.94,overcast clouds
285,Klaksvik,FO,62.2266,-6.589,53.19,85,92,14.16,overcast clouds
286,Padang,ID,-0.9492,100.3543,76.89,87,94,2.66,overcast clouds
287,Northlake,US,41.9173,-87.8956,90.09,35,0,1.99,clear sky
288,Pacific Grove,US,36.6177,-121.9166,79.75,77,35,5.01,scattered clouds
289,Mogok,MM,22.9167,96.5,64.96,99,100,2.26,overcast clouds
290,Pokhvistnevo,RU,53.6524,52.1274,42.55,70,100,7.99,overcast clouds
291,Nikolskoye,RU,59.7035,30.7861,45.01,64,77,3.4,broken clouds
292,Adrar,MR,20.5022,-10.0711,86.59,42,85,5.91,overcast clouds
293,Port Keats,AU,-14.25,129.55,78.06,83,39,4.9,scattered clouds
294,Palmer,US,42.1584,-72.3287,71.49,76,78,1.99,broken clouds
295,Okha,RU,53.5739,142.9478,56.64,80,100,17.25,light rain
296,Eyl,SO,7.9803,49.8164,78.21,80,95,18.77,overcast clouds
297,Bandarbeyla,SO,9.4942,50.8122,77.72,84,73,20.76,broken clouds
298,Arlit,NE,18.7369,7.3853,92.48,11,0,9.93,clear sky
299,Balclutha,NZ,-46.2339,169.75,45.93,52,9,2.91,clear sky
300,Bonavista,CA,48.6499,-53.1147,62.11,70,8,13.62,clear sky
301,Oussouye,SN,12.485,-16.5469,79.03,84,100,6.06,overcast clouds
302,Nikolayevka,RU,53.1257,47.2041,38.57,75,100,5.7,overcast clouds
303,Hun,LY,29.1268,15.9477,80.13,28,0,7.78,clear sky
304,Piranhas,BR,-16.4269,-51.8222,88.81,16,3,4.7,clear sky
305,Laguna,US,38.421,-121.4238,94.21,40,0,3.0,clear sky
306,Zakamensk,RU,50.3741,103.2863,43.48,97,87,0.29,overcast clouds
307,Barcelos,PT,41.5388,-8.6151,62.85,93,5,6.76,clear sky
308,Faya,SA,18.3851,42.4509,68.59,45,25,3.09,scattered clouds
309,Filadelfia,US,39.9523,-75.1638,77.29,85,83,4.0,broken clouds
310,Lazaro Cardenas,MX,17.9583,-102.2,83.46,75,74,6.08,broken clouds
311,Kenora,CA,49.8167,-94.4337,57.9,44,68,10.36,broken clouds
312,Palu,ID,-0.8917,119.8707,73.53,96,99,3.53,overcast clouds
313,Esperance,AU,-33.8667,121.9,49.01,77,11,16.04,few clouds
314,Oshakati,NA,-17.7833,15.6833,71.01,18,9,13.18,clear sky
315,Nemuro,JP,43.3236,145.575,58.89,87,100,17.07,moderate rain
316,Fethiye,TR,36.6217,29.1164,73.47,28,0,4.7,clear sky
317,Teguise,ES,29.0605,-13.564,69.57,75,9,17.13,clear sky
318,Flinders,AU,-34.5833,150.8552,67.05,77,68,7.0,broken clouds
319,Poli,TZ,-3.3333,36.8,58.73,83,16,2.39,few clouds
320,Tucuman,AR,-26.8241,-65.2226,76.91,26,4,3.22,clear sky
321,Pevek,RU,69.7008,170.3133,32.68,100,100,1.99,light snow
322,Iguape,BR,-24.7081,-47.5553,67.8,92,100,12.39,overcast clouds
323,Turayf,SA,31.6725,38.6637,76.5,37,0,7.34,clear sky
324,Ankazobe,MG,-18.3167,47.1167,63.0,63,49,3.74,scattered clouds
325,Kaeo,NZ,-35.1,173.7833,60.33,66,0,8.1,clear sky
326,Nova Olinda Do Norte,BR,-3.8881,-59.0942,79.68,77,92,3.36,overcast clouds
327,Kruisfontein,ZA,-34.0033,24.7314,49.89,86,16,3.27,few clouds
328,Vestmannaeyjar,IS,63.4427,-20.2734,47.16,66,100,10.27,overcast clouds
329,Akdepe,TM,42.0551,59.3788,64.72,42,1,10.98,clear sky
330,Manokwari,ID,-0.8667,134.0833,76.33,84,100,2.53,moderate rain
331,Baie-Comeau,CA,49.2168,-68.1489,58.1,82,0,5.44,clear sky
332,Ngunguru,NZ,-35.6167,174.5,60.17,66,9,9.64,clear sky
333,Cartagena,CO,10.3997,-75.5144,84.65,78,77,11.43,broken clouds
334,Kodiak,US,57.79,-152.4072,52.99,74,31,8.75,scattered clouds
335,Valparaiso,CL,-33.0393,-71.6273,57.11,80,23,13.02,few clouds
336,Saint-Augustin,CA,51.226,-58.6502,58.21,68,86,18.32,overcast clouds
337,Doha,QA,25.2867,51.5333,89.53,46,14,2.53,few clouds
338,Torbay,CA,47.6666,-52.7314,61.57,73,1,6.69,clear sky
339,Maragogi,BR,-9.0122,-35.2225,74.61,84,46,12.8,scattered clouds
340,Gat,IL,31.61,34.7642,75.81,68,0,4.23,clear sky
341,Dauriya,RU,49.9333,116.8667,44.47,50,100,9.06,overcast clouds
342,Allende,MX,25.2833,-100.0167,92.75,44,34,7.92,scattered clouds
343,Uige,AO,-7.6087,15.0613,69.3,80,58,3.33,broken clouds
344,Belize,BZ,17.25,-88.75,86.25,59,45,8.12,scattered clouds
345,Eureka,US,40.8021,-124.1637,78.67,59,96,1.01,overcast clouds
346,Khani,GE,41.9563,42.9566,56.39,97,100,1.36,overcast clouds
347,Poum,NC,-20.2333,164.0167,70.05,59,4,16.71,clear sky
348,Karratha,AU,-20.7377,116.8463,70.52,33,0,15.97,clear sky
349,Zaranj,AF,30.9667,61.8833,81.21,14,0,9.73,clear sky
350,Oistins,BB,13.0667,-59.5333,82.36,65,6,11.65,clear sky
351,Morro Bay,US,35.3658,-120.8499,74.21,72,11,5.01,few clouds
352,Vytegra,RU,61.0064,36.4481,42.91,86,100,4.47,overcast clouds
353,Jiuquan,CN,39.7432,98.5174,62.4,35,35,0.85,scattered clouds
354,Aktash,RU,50.3,87.7333,36.86,57,32,4.83,scattered clouds
355,Coquimbo,CL,-29.9533,-71.3436,57.58,80,0,8.59,clear sky
356,Kaka,TM,37.3482,59.6143,79.66,49,0,7.27,clear sky
357,Deputatskiy,RU,69.3,139.9,31.93,99,100,5.26,snow
358,Machali,CL,-34.1833,-70.6667,61.79,67,7,3.78,clear sky
359,Los Andes,CL,-32.8337,-70.5983,65.21,49,0,5.66,clear sky
360,Russell,US,32.3502,-85.1999,83.97,84,93,1.57,overcast clouds
361,Narsaq,GL,60.9167,-46.05,39.56,77,5,3.85,clear sky
362,Sosva,RU,59.1766,61.8558,37.76,74,99,7.29,overcast clouds
363,Champerico,GT,14.3,-91.9167,83.35,74,100,4.41,overcast clouds
364,Tubuala,PA,9.5167,-79.0333,80.33,79,94,7.45,overcast clouds
365,Mopti,ML,14.6667,-4.0,84.09,57,29,9.35,scattered clouds
366,Micheweni,TZ,-4.9667,39.8333,75.22,76,5,9.13,clear sky
367,Cockburn Town,TC,21.4612,-71.1419,83.1,79,100,16.67,overcast clouds
368,Diamantina,BR,-18.2494,-43.6003,65.97,51,1,8.88,clear sky
369,Longyearbyen,SJ,78.2186,15.6401,41.41,88,98,6.73,overcast clouds
370,Lysyye Gory,RU,51.5506,44.8414,46.47,51,99,6.2,light rain
371,Stonehaven,GB,56.9637,-2.2118,59.23,95,100,6.73,overcast clouds
372,Sept-Iles,CA,50.2001,-66.3821,60.06,80,19,4.0,few clouds
373,Ciudad Bolivar,VE,8.1222,-63.5497,84.0,58,74,10.02,broken clouds
374,Khuzhir,RU,53.1939,107.3397,48.24,62,47,12.17,scattered clouds
375,Nome,US,64.5011,-165.4064,42.17,74,56,11.52,broken clouds
376,Krasnoselkup,RU,65.7,82.4667,48.09,97,100,12.84,overcast clouds
377,Wanning,CN,18.8003,110.3967,78.42,86,45,2.53,scattered clouds
378,Manado,ID,1.487,124.8455,76.17,83,90,3.2,overcast clouds
379,Pozo Colorado,PY,-23.4923,-58.7972,86.85,37,18,1.97,few clouds
380,Margate,GB,51.3813,1.3862,61.7,90,93,7.7,overcast clouds
381,Opuwo,NA,-18.0607,13.84,65.97,23,2,2.15,clear sky
382,Varhaug,NO,58.6147,5.6457,55.89,66,54,21.74,broken clouds
383,Ryotsu,JP,38.0833,138.4333,69.96,94,100,6.17,overcast clouds
384,Clyde River,CA,70.4692,-68.5914,30.69,69,87,0.56,overcast clouds
385,Trincomalee,LK,8.5711,81.2335,80.55,81,100,12.06,overcast clouds
386,Sur,OM,22.5667,59.5289,83.91,70,7,11.07,clear sky
387,Teacapan,MX,22.55,-105.75,84.34,72,100,7.23,overcast clouds
388,Ukhta,RU,63.5671,53.6835,38.71,72,88,13.15,overcast clouds
389,Muroto,JP,33.2833,134.15,79.21,90,74,18.88,broken clouds
390,Hami,CN,42.8,93.45,70.0,35,51,8.5,broken clouds
391,Balkanabat,TM,39.5108,54.3671,74.1,76,0,2.55,clear sky
392,Quatre Cocos,MU,-20.2078,57.7625,72.09,86,12,6.69,light rain
393,Yako,BF,12.9667,-2.2667,82.44,60,48,5.97,scattered clouds
394,Kiunga,PG,-6.1219,141.2906,72.99,93,99,3.36,overcast clouds
395,Honningsvag,NO,70.9821,25.9704,44.69,79,95,16.02,overcast clouds
396,Mhasla,IN,18.1333,73.1167,75.07,92,92,3.76,overcast clouds
397,Najran,SA,17.4924,44.1277,76.12,17,63,3.69,broken clouds
398,Nautla,MX,20.2167,-96.7833,86.13,68,100,8.68,overcast clouds
399,Iquique,CL,-20.2208,-70.1431,62.19,75,71,6.73,broken clouds
400,Amqui,CA,48.4638,-67.4313,63.28,72,0,7.54,clear sky
401,Yeniseysk,RU,58.4497,92.1703,49.93,90,100,11.21,overcast clouds
402,Kieta,PG,-6.2167,155.6333,83.25,71,83,4.9,light rain
403,Ambon,ID,-3.6954,128.1814,76.89,91,100,10.85,moderate rain
404,Mossoro,BR,-5.1875,-37.3442,81.14,60,9,12.08,clear sky
405,Dhidhdhoo,MV,6.8833,73.1,81.64,78,99,10.16,overcast clouds
406,Eirunepe,BR,-6.6603,-69.8736,78.12,83,65,4.83,broken clouds
407,Seydi,TM,39.4816,62.9137,79.07,12,0,5.84,clear sky
408,Sarangani,PH,5.4033,125.4636,79.86,75,100,1.14,light rain
409,Remuna,IN,21.5261,86.8722,78.89,89,100,3.62,moderate rain
410,Changji,CN,44.0167,87.3167,69.53,27,6,6.13,clear sky
411,Stropkov,SK,49.2021,21.6522,59.05,94,100,4.54,overcast clouds
412,Muros,ES,42.7762,-9.0603,64.24,91,2,5.88,clear sky
413,Oranjemund,NA,-28.55,16.4333,63.91,46,0,10.11,clear sky
414,Daru,PG,-9.0763,143.2092,75.97,81,100,18.03,overcast clouds
415,Bondo,CD,3.8146,23.6866,68.09,97,100,2.68,overcast clouds
416,Iberia,US,29.9502,-91.7507,86.05,77,70,9.22,broken clouds
417,Nioki,CD,-2.7167,17.6833,74.73,76,95,1.39,overcast clouds
418,Sao Filipe,CV,14.8961,-24.4956,78.69,78,37,12.46,scattered clouds
419,Cotonou,BJ,6.3654,2.4183,78.67,88,75,9.1,broken clouds
420,Skovorodino,RU,53.9833,123.9167,31.82,91,0,3.4,clear sky
421,Vila Franca Do Campo,PT,37.7167,-25.4333,66.69,79,89,6.2,overcast clouds
422,Jamsa,FI,61.8642,25.19,44.15,71,99,4.05,overcast clouds
423,Rio Grande,BR,-32.035,-52.0986,61.95,88,100,14.23,overcast clouds
424,Cervo,ES,43.6702,-7.4101,60.96,77,20,9.8,few clouds
425,Manacapuru,BR,-3.2997,-60.6206,76.33,90,72,5.06,broken clouds
426,Baculin,PH,7.4525,126.5842,76.93,86,100,5.64,overcast clouds
427,Baruun-Urt,MN,46.6806,113.2792,51.21,56,90,5.82,overcast clouds
428,San Patricio,US,28.017,-97.5169,96.03,42,6,6.89,clear sky
429,Yilan,TW,24.757,121.753,80.82,94,3,1.99,clear sky
430,Mecca,SA,21.4267,39.8261,83.97,43,56,4.03,broken clouds
431,Gryazovets,RU,58.88,40.2525,34.99,97,56,4.9,broken clouds
432,Oranjestad,AW,12.524,-70.027,83.25,82,0,24.27,clear sky
433,Bela Vista De Goias,BR,-16.9728,-48.9533,80.83,27,1,7.38,clear sky
434,Oum Hadjer,TD,13.2954,19.6966,82.78,60,93,7.49,overcast clouds
435,Nizwa,OM,22.9333,57.5333,83.26,59,4,1.3,clear sky
436,Samarai,PG,-10.6167,150.6667,77.83,83,99,19.75,overcast clouds
437,Nouadhibou,MR,20.931,-17.0347,74.55,73,88,18.03,overcast clouds
438,Birao,CF,10.2849,22.7882,68.31,99,100,8.19,moderate rain
439,Liku,ID,-0.7275,119.8922,74.12,93,98,3.85,overcast clouds
440,Ahtopol,BG,42.1,27.95,71.17,53,98,5.77,overcast clouds
441,Dongling,CN,41.8144,123.5758,57.34,79,0,2.89,clear sky
442,Sribne,UA,50.6638,32.9187,58.06,84,100,10.65,overcast clouds
443,Bansko,BG,41.8383,23.4885,63.32,64,66,3.27,broken clouds
444,Fukuma,JP,33.7667,130.4667,73.08,88,100,13.65,overcast clouds
445,Takaka,NZ,-40.85,172.8,52.56,73,89,2.24,overcast clouds
446,Nelson Bay,AU,-32.7167,152.15,65.28,71,79,1.01,broken clouds
447,Emerald,AU,-23.5333,148.1667,66.11,70,2,13.11,clear sky
448,Upata,VE,8.0086,-62.3989,78.19,78,76,3.87,broken clouds
449,Waiuku,NZ,-37.25,174.75,59.09,69,1,3.0,clear sky
450,Lazarev,RU,52.225,141.5131,58.87,72,73,15.32,broken clouds
451,Ossora,RU,59.2353,163.0719,53.64,70,100,2.33,overcast clouds
452,Minot,US,48.2325,-101.2963,71.11,23,74,1.99,broken clouds
453,La Asuncion,VE,11.0333,-63.8628,82.08,77,100,15.9,overcast clouds
454,Marawi,PH,7.9986,124.2928,65.64,89,95,3.87,light rain
455,Predejane,RS,42.8294,22.1311,65.5,74,61,2.01,broken clouds
456,Burgeo,CA,47.6167,-57.6152,56.79,86,3,8.7,clear sky
457,Aleksandrov Gay,RU,50.147,48.5704,47.82,59,68,1.5,broken clouds
458,Southbridge,US,42.0751,-72.0334,71.01,97,97,5.73,overcast clouds
459,Roros,NO,62.5747,11.3842,36.52,91,70,12.03,broken clouds
460,Magistralnyy,RU,56.1725,107.4458,34.23,86,97,0.98,overcast clouds
461,Paamiut,GL,61.994,-49.6678,36.95,82,34,8.34,scattered clouds
462,Altona,DE,53.55,9.9333,56.07,85,99,3.94,overcast clouds
463,Sola,VU,-13.8833,167.55,79.68,78,19,18.75,few clouds
464,Tabanan,ID,-8.5413,115.1252,74.46,92,85,5.5,light rain
465,Ikwiriri,TZ,-7.9562,38.9716,69.64,89,1,2.91,clear sky
466,Arcachon,FR,44.5875,-1.0519,61.41,89,33,5.35,scattered clouds
467,Vodnyy,RU,63.5046,53.4095,38.55,73,80,13.31,broken clouds
468,Atar,MR,20.5169,-13.0499,83.48,53,99,10.56,overcast clouds
469,Laizhou,CN,37.1717,119.9214,65.62,79,93,5.41,light rain
470,Oswego,US,43.4501,-76.1497,80.02,71,53,4.0,broken clouds
471,Kinkala,CG,-4.3614,14.7644,76.3,70,98,7.16,overcast clouds
472,Oltu,TR,40.5498,42.0013,53.47,91,93,1.81,overcast clouds
473,Mabaruma,GY,8.2,-59.7833,75.33,95,100,2.66,overcast clouds
474,Saint George,US,37.1041,-113.5841,95.63,13,22,4.0,few clouds
475,Charters Towers,AU,-20.1,146.2667,67.39,65,3,14.41,clear sky
476,Serebryanyy Bor,RU,56.8,124.8,35.33,84,100,15.61,overcast clouds
477,Mastic Beach,US,40.7668,-72.8521,75.16,86,91,7.0,overcast clouds
478,Elk City,US,35.412,-99.4043,92.53,33,13,10.63,few clouds
479,Guerrero Negro,MX,27.9769,-114.0611,73.69,67,43,18.1,scattered clouds
480,Sedona,US,34.8697,-111.761,89.98,31,58,6.35,broken clouds
481,Sao Jose Da Coroa Grande,BR,-8.8978,-35.1478,74.75,84,42,12.77,scattered clouds
482,Alice Springs,AU,-23.7,133.8833,63.55,63,99,20.24,overcast clouds
483,Praia Da Vitoria,PT,38.7333,-27.0667,68.76,78,97,7.45,overcast clouds
484,Cuamba,MZ,-14.8031,36.5372,76.84,49,90,7.23,overcast clouds
485,Borsa,RO,47.6553,24.6633,58.91,100,100,3.98,overcast clouds
486,Samana,DO,19.2056,-69.3369,80.55,84,67,7.61,broken clouds
487,Emmen,NL,52.7792,6.9069,59.31,89,69,5.01,broken clouds
488,Tortoli,IT,39.9256,9.6572,72.37,74,74,6.44,broken clouds
489,Warkworth,NZ,-36.4,174.6667,59.9,65,3,6.55,clear sky
490,Matamoros,MX,25.5333,-103.25,92.1,26,12,15.55,few clouds
491,Kempele,FI,64.9131,25.5034,41.13,93,100,3.15,overcast clouds
492,Neiafu,TO,-18.65,-173.9833,78.15,82,2,11.56,light rain
493,Manta,EC,-0.95,-80.7333,75.27,82,28,11.63,scattered clouds
494,Anito,PH,12.4497,125.2886,77.23,89,92,1.3,overcast clouds
495,Ixtapa,MX,20.7,-105.2,79.23,96,100,1.99,overcast clouds
496,Grindavik,IS,63.8424,-22.4338,43.9,68,100,5.14,overcast clouds
497,Lakes Entrance,AU,-37.8811,147.981,59.58,88,56,6.08,broken clouds
498,Kasongo-Lunda,CD,-6.4667,16.8167,75.04,82,98,2.28,overcast clouds
499,Fiumicino,IT,41.7675,12.2291,74.95,85,18,7.49,few clouds
500,Andros Town,BS,24.7,-77.7667,85.48,66,8,10.78,clear sky
501,Kraskino,RU,42.7114,130.7794,57.94,89,0,4.9,clear sky
502,Fairbanks,US,64.8378,-147.7164,54.3,56,12,1.01,few clouds
503,Dudinka,RU,69.4058,86.1778,33.94,83,23,14.54,few clouds
504,Shinshiro,JP,34.9,137.5,78.44,85,100,9.93,moderate rain
505,Bathsheba,BB,13.2167,-59.5167,82.6,66,11,11.32,few clouds
506,Qaqortoq,GL,60.7167,-46.0333,40.12,77,4,9.71,clear sky
507,Revda,RU,56.801,59.9303,37.6,96,99,5.35,overcast clouds
508,Beyla,GN,8.6833,-8.6333,69.21,95,100,1.01,light rain
509,Tagusao,PH,9.1924,117.8141,77.72,84,96,2.57,overcast clouds
510,Prince Rupert,CA,54.3161,-130.3201,46.76,89,100,9.66,light rain
511,Caravelas,BR,-17.7125,-39.2481,70.29,69,0,6.08,clear sky
512,Djougou,BJ,9.7085,1.666,71.38,90,71,4.07,broken clouds
513,Texistepec,MX,17.8833,-94.7833,86.09,76,98,4.14,overcast clouds
514,Bilibino,RU,68.0546,166.4372,39.31,70,100,3.38,overcast clouds
515,Broome,US,42.2506,-75.833,76.66,73,86,1.01,overcast clouds
516,Horqueta,PY,-23.3428,-57.0597,88.34,34,29,4.29,scattered clouds
517,Chichimila,MX,20.6167,-88.2167,92.8,46,100,8.03,overcast clouds
518,Mountain Home,US,43.133,-115.6912,85.95,11,6,7.23,clear sky
519,San Rafael,AR,-34.6177,-68.3301,71.64,18,6,5.01,clear sky
520,Kabinda,CD,-6.1333,24.4833,69.85,78,45,3.69,scattered clouds
521,Dromolaxia,CY,34.8761,33.586,72.66,54,0,9.62,clear sky
522,Mareeba,AU,-17.0,145.4333,69.44,65,23,10.54,few clouds
523,Nimaparha,IN,20.0667,86.0167,79.59,87,100,3.62,overcast clouds
524,Ginir,ET,7.1333,40.7,64.76,70,100,4.41,light rain
525,Liberty,US,31.8335,-81.5004,84.27,37,44,4.61,scattered clouds
526,Grootfontein,NA,-19.5667,18.1167,69.84,17,1,9.1,clear sky
527,Lebanon,US,36.2081,-86.2911,81.18,95,48,3.44,light rain
528,Buraydah,SA,26.326,43.975,83.3,20,9,10.11,clear sky
529,Bambanglipuro,ID,-7.95,110.2833,75.81,88,10,7.47,clear sky
530,Jodiya,IN,22.6925,70.306,80.24,86,99,13.65,overcast clouds
531,Rome,US,34.257,-85.1647,82.62,86,58,4.16,broken clouds
532,Redlands,US,34.0556,-117.1825,97.68,35,1,1.99,clear sky
533,Aden,YE,12.7794,45.0367,86.79,78,7,2.93,clear sky
534,Coxim,BR,-18.5067,-54.76,97.75,18,32,3.51,scattered clouds
535,Mezen,RU,65.8522,44.24,40.37,82,100,6.55,overcast clouds
536,Yerbogachen,RU,61.2767,108.0108,35.53,75,100,2.39,overcast clouds
537,Lasa,IT,46.6166,10.7002,59.36,89,8,2.53,clear sky
538,Nyurba,RU,63.2842,118.3319,38.82,59,99,8.25,overcast clouds
539,Verkh-Usugli,RU,52.7,115.1667,32.95,69,78,1.7,broken clouds
540,Mallaig,CA,54.2169,-111.3685,59.83,26,100,19.48,overcast clouds
541,Ashland,US,40.8167,-82.2665,84.74,55,15,7.2,few clouds
542,Mokobeng,BW,-22.9965,27.6678,59.56,72,3,13.85,clear sky
543,Lavrentiya,RU,65.5833,-171.0,38.86,69,99,9.6,overcast clouds
544,Baghdad,IQ,33.3406,44.4009,87.6,24,0,11.32,clear sky
545,Enterprise,US,36.0252,-115.2419,93.65,26,71,4.0,broken clouds
546,Novooleksiyivka,UA,46.2269,34.6428,64.49,59,81,7.65,broken clouds
547,Hay River,CA,60.8156,-115.7999,52.84,57,100,9.62,overcast clouds
548,Korla,CN,41.7597,86.1469,68.04,28,0,5.1,clear sky
549,Katoro,TZ,-3.0203,31.8958,67.5,75,99,3.11,light rain
550,Svrljig,RS,43.4133,22.1211,64.11,96,29,3.62,scattered clouds
551,Nouakchott,MR,18.0858,-15.9785,78.24,81,100,20.8,overcast clouds
552,Bandarban,BD,22.1965,92.2262,74.21,99,100,2.08,overcast clouds
553,Nanakuli,US,21.3906,-158.1547,84.11,70,99,18.3,overcast clouds
554,Iki-Burul,RU,45.8208,44.6472,58.8,40,99,4.92,overcast clouds
555,Camapua,BR,-19.5314,-54.0439,90.09,19,12,3.31,few clouds
556,Ukiah,US,39.1502,-123.2078,93.52,33,0,8.1,clear sky
557,Prachuap Khiri Khan,TH,12.2167,99.75,70.95,93,84,3.09,broken clouds
558,Srednekolymsk,RU,67.45,153.6833,47.12,68,34,6.17,scattered clouds
559,Acari,PE,-15.4311,-74.6158,69.76,61,80,5.88,broken clouds
560,Ola,RU,59.5833,151.2833,49.91,85,100,22.86,light rain
561,Waddan,LY,29.1614,16.139,79.34,31,0,10.31,clear sky
562,Bubaque,GW,11.2833,-15.8333,81.3,79,32,14.14,scattered clouds
563,Impfondo,CG,1.6381,18.0667,70.52,90,90,2.26,overcast clouds
564,Kirakira,SB,-10.4544,161.9205,82.56,75,97,11.72,overcast clouds
565,Chipata,ZM,-13.6333,32.65,71.6,29,64,5.14,broken clouds
566,Port Washington,US,40.8257,-73.6982,75.16,88,65,5.01,broken clouds
567,Sitka,US,57.0531,-135.33,49.77,82,99,5.86,overcast clouds
568,Xinxiang,CN,35.3089,113.8672,66.81,95,100,6.42,light rain
569,Bria,CF,6.5423,21.9863,67.05,97,100,1.39,overcast clouds
570,Shalinskoye,RU,55.7228,93.7594,45.77,85,67,5.73,broken clouds
571,Marataizes,BR,-21.0433,-40.8244,70.61,91,41,8.5,scattered clouds
572,Methoni,GR,36.8197,21.7049,78.22,75,27,12.1,scattered clouds
573,Lagos,NG,6.5833,3.75,77.27,92,48,4.83,scattered clouds
574,Cabra,ES,37.4725,-4.4421,77.4,60,3,1.01,clear sky
575,Berbera,SO,10.4396,45.0143,87.53,69,4,7.05,clear sky
576,Jiangyou,CN,31.7667,104.7167,66.0,96,100,3.65,light rain
577,Tilichiki,RU,60.4667,166.1,48.47,73,100,4.36,overcast clouds
578,Maniitsoq,GL,65.4167,-52.9,36.55,50,27,4.21,scattered clouds
579,Shestakovo,RU,56.4915,103.96,42.24,62,80,3.18,broken clouds
580,Perth,AU,-31.9333,115.8333,54.79,89,81,6.51,broken clouds
581,Evinayong,GQ,1.4368,10.5512,67.26,99,89,2.33,overcast clouds
582,Walvis Bay,NA,-22.9575,14.5053,57.09,89,9,5.01,clear sky
583,Lebyazhye,RU,55.2689,66.4947,39.0,91,80,9.46,broken clouds
584,Westport,US,41.1415,-73.3579,75.88,91,37,4.0,scattered clouds
585,Onalaska,US,43.8844,-91.2351,73.35,51,100,5.01,overcast clouds
586,Atambua,ID,-9.1061,124.8925,69.94,77,75,4.12,broken clouds
587,Gemena,CD,3.25,19.7667,69.44,88,99,2.55,overcast clouds
588,Sokoni,TZ,-6.4333,39.55,76.59,73,36,13.2,scattered clouds
589,Araouane,ML,18.9048,-3.5265,99.27,19,52,3.04,broken clouds
590,Zastron,ZA,-30.3023,27.084,41.95,65,0,5.01,clear sky
591,Sakyla,FI,61.0333,22.3333,43.95,87,79,4.5,broken clouds
592,Erenhot,CN,43.6475,111.9767,62.24,37,34,8.5,scattered clouds
593,Birjand,IR,32.8663,59.2211,68.79,14,0,6.93,clear sky
594,Sioux Lookout,CA,50.1001,-91.917,54.19,56,83,11.74,broken clouds
595,Diofior,SN,14.1833,-16.6667,80.76,79,100,8.97,overcast clouds
596,San Luis,AR,-33.295,-66.3356,70.7,24,1,4.16,clear sky
597,Chifeng,CN,42.2683,118.9636,55.26,62,45,5.19,scattered clouds
598,Alihe,CN,50.5667,123.7167,35.4,77,5,3.62,clear sky
599,Makubetsu,JP,45.3714,141.8211,62.87,71,93,4.16,overcast clouds
600,Airai,TL,-8.9266,125.4092,57.79,53,99,3.29,overcast clouds
601,Bemidji,US,47.4736,-94.8803,64.9,45,0,11.9,clear sky
602,Saint-Joseph,RE,-21.3667,55.6167,67.21,76,5,4.25,clear sky
603,Pisco,PE,-13.7,-76.2167,65.01,81,56,4.72,broken clouds
604,Kuching,MY,1.55,110.3333,74.55,94,72,2.48,light rain
605,Wakkanai,JP,45.4094,141.6739,63.99,72,88,5.59,overcast clouds
606,Wairoa,NZ,-39.0333,177.3667,50.61,85,100,4.0,overcast clouds
607,Nishihara,JP,26.1842,127.7558,78.64,81,6,4.12,clear sky
608,Baijiantan,CN,45.6333,85.1833,71.28,28,51,1.68,broken clouds
609,Vardo,NO,70.3705,31.1107,44.8,74,99,13.85,overcast clouds
610,Ocos,GT,14.5094,-92.1933,83.32,72,100,4.52,overcast clouds
611,Abay,KZ,49.6311,72.8539,44.17,94,9,5.44,clear sky
612,Silver City,US,32.7701,-108.2803,86.92,21,36,5.99,scattered clouds
613,Beloha,MG,-25.1667,45.05,65.44,78,99,9.95,overcast clouds
614,Hanzhong,CN,33.0728,107.0303,64.51,98,100,1.19,overcast clouds
615,Ketchikan,US,55.3422,-131.6461,45.43,94,100,4.65,light rain
616,Norman Wells,CA,65.282,-126.8329,53.2,56,100,11.07,overcast clouds
617,Mahenge,TZ,-8.6833,36.7167,64.26,62,1,3.51,clear sky
618,Dali,CN,25.7,100.1833,60.49,94,90,3.89,overcast clouds
619,Tefe,BR,-3.3542,-64.7114,74.26,97,81,4.61,broken clouds
620,Baker City,US,44.7749,-117.8344,77.59,22,74,15.14,broken clouds
621,Manoel Urbano,BR,-8.8389,-69.2597,85.15,59,84,2.75,broken clouds
622,Sakaraha,MG,-22.9,44.5333,59.47,92,17,5.39,few clouds
623,Porto Novo,BJ,6.4965,2.6036,77.67,89,75,5.97,broken clouds
624,Vila Velha,BR,-20.3297,-40.2925,73.54,80,9,7.07,clear sky
625,Lebedinyy,RU,58.5167,125.5167,32.32,98,100,21.72,light snow
626,Husavik,IS,66.0449,-17.3389,46.24,77,100,6.91,overcast clouds
627,Barra Do Garcas,BR,-15.89,-52.2567,88.05,16,0,1.99,clear sky
628,Xining,CN,36.6167,101.7667,48.76,83,100,4.94,light rain
629,Comodoro Rivadavia,AR,-45.8667,-67.5,58.12,34,4,15.41,clear sky
630,Prainha,BR,-1.8,-53.48,80.49,67,64,4.61,broken clouds
631,Netishyn,UA,50.34,26.6417,61.27,96,100,3.42,overcast clouds
632,La Paz,BO,-16.5,-68.15,50.99,65,96,6.4,overcast clouds
633,Yanam,IN,16.7333,82.2167,76.32,86,74,3.33,broken clouds
634,Bafq,IR,31.6128,55.4107,78.06,9,0,1.45,clear sky
635,Ingham,US,42.6,-84.3833,85.15,60,46,9.6,scattered clouds
636,Poronaysk,RU,49.2167,143.1167,57.87,84,4,7.02,clear sky
637,Usinsk,RU,65.9939,57.5281,38.08,80,100,23.78,overcast clouds
638,Cortez,US,37.3489,-108.5859,85.68,12,0,11.3,clear sky
639,Tame,CO,6.461,-71.73,81.91,71,33,1.5,scattered clouds
640,Vanimo,PG,-2.6741,141.3028,78.49,89,66,6.49,broken clouds
641,Mastung,PK,29.7994,66.845,70.02,34,0,2.39,clear sky
642,Phalaborwa,ZA,-23.943,31.1411,61.32,70,68,12.57,broken clouds
643,Jeremie,HT,18.65,-74.1167,84.06,71,99,3.53,overcast clouds
644,Awjilah,LY,29.1081,21.2869,81.18,28,0,8.48,clear sky
645,Sorland,NO,67.667,12.6934,51.64,82,100,13.96,overcast clouds
646,Zhigansk,RU,66.7697,123.3711,38.71,85,100,13.2,overcast clouds
647,Znamenskoye,RU,57.1281,73.8282,39.34,96,100,9.73,light rain
648,Nola,IT,40.922,14.5329,77.56,74,92,3.6,overcast clouds
649,Katav-Ivanovsk,RU,54.7531,58.1956,39.22,95,100,6.49,light rain
650,Warwick,US,41.7001,-71.4162,72.14,92,98,1.01,overcast clouds
651,Ponta Delgada,PT,37.7333,-25.6667,67.98,77,92,7.52,overcast clouds
652,Beruwala,LK,6.4788,79.9828,79.0,87,100,7.36,overcast clouds
653,Timmins,CA,48.4669,-81.3331,62.28,95,100,14.92,overcast clouds
654,Truro,GB,50.2653,-5.0544,61.97,100,99,4.72,overcast clouds
655,Lewistown,US,40.5992,-77.5714,80.17,85,82,1.48,broken clouds
656,Dwarka,IN,22.2394,68.9678,81.18,84,43,9.6,scattered clouds
657,Yamethin,MM,20.4333,96.15,74.3,95,100,5.37,overcast clouds
658,General Roca,AR,-39.0333,-67.5833,68.45,22,19,5.64,few clouds
659,Bougouni,ML,11.417,-7.479,75.18,89,87,2.08,overcast clouds
660,Baykit,RU,61.67,96.37,39.15,89,99,3.94,overcast clouds
661,Bonthe,SL,7.5264,-12.505,77.61,87,83,6.49,broken clouds
662,Tocopilla,CL,-22.092,-70.1979,65.46,65,27,10.83,scattered clouds
663,San Carlos,VE,9.6612,-68.5827,78.89,86,11,2.95,few clouds
664,Tura,IN,25.5198,90.2201,72.14,96,100,3.47,overcast clouds
665,Santa Cruz Cabralia,BR,-16.2781,-39.0247,70.77,69,0,7.43,clear sky
666,Bilma,NE,18.6853,12.9164,91.62,15,0,9.24,clear sky
667,Swellendam,ZA,-34.0226,20.4417,49.01,84,0,6.38,clear sky
668,Zapolyarnyy,RU,69.4154,30.8136,37.49,79,100,7.94,overcast clouds
669,Panjab,AF,34.388,67.0233,49.32,10,0,3.22,clear sky
670,Shelburne,CA,44.0787,-80.2041,77.74,62,4,7.78,clear sky
671,Long,TH,18.0761,99.8326,73.13,98,100,1.05,overcast clouds
672,Nueva Helvecia,UY,-34.3,-57.2333,57.24,83,0,7.61,clear sky
673,Vao,NC,-22.6667,167.4833,67.44,58,1,15.86,clear sky
674,Whitehorse,CA,60.7161,-135.0538,47.1,55,100,2.37,overcast clouds
675,Ranong,TH,9.9658,98.6348,76.51,84,53,1.25,broken clouds
676,Naze,JP,28.3667,129.4833,75.43,76,4,9.26,clear sky
677,Saryozek,KZ,44.3583,77.9753,66.87,23,84,6.38,broken clouds
678,Mayo,US,38.8876,-76.5119,81.37,83,61,10.0,broken clouds
679,Sabang,ID,5.8933,95.3214,82.33,75,35,9.13,scattered clouds
680,Ilulissat,GL,69.2167,-51.1,16.68,70,6,5.14,clear sky
681,Rio Gallegos,AR,-51.6226,-69.2181,41.25,74,95,8.93,overcast clouds
682,Masindi,UG,1.6744,31.715,62.94,97,60,2.39,moderate rain
683,Half Moon Bay,US,37.4636,-122.4286,84.58,66,26,1.99,scattered clouds
684,Sobolevo,RU,54.4299,31.8996,40.62,74,96,15.03,overcast clouds
685,Aksu,CN,41.1231,80.2644,68.77,36,0,1.68,clear sky
686,Mahibadhoo,MV,3.7833,72.9667,82.36,76,99,9.91,overcast clouds
687,Fuerte Olimpo,PY,-21.0415,-57.8738,91.63,26,17,2.59,few clouds
688,Bartica,GY,6.4,-58.6167,79.77,77,76,5.61,broken clouds
689,Pervomayskiy,RU,53.2485,40.2871,44.55,60,100,6.91,overcast clouds
690,Popondetta,PG,-8.7537,148.2534,80.58,71,54,1.28,broken clouds
691,Goldap,PL,54.3063,22.3036,46.87,94,100,11.34,overcast clouds
